datetime,stock_code,exchange_code,product_type,expiry_date,right,strike_price,open,high,low,close,volume,open_interest,count
2024-11-08 09:08:00,APOHOS,NSE,,,,,7390.05,7390.05,7390.05,7390.05,1.0,,0
2024-11-08 09:15:00,APOHOS,NSE,,,,,7395.35,7430.0,7395.35,7430.0,37.0,,1
2024-11-08 09:16:00,APOHOS,NSE,,,,,7430.0,7472.65,7406.35,7472.65,113.0,,2
2024-11-08 09:17:00,APOHOS,NSE,,,,,7471.6,7497.3,7470.0,7477.45,473.0,,3
2024-11-08 09:18:00,APOHOS,NSE,,,,,7480.0,7495.0,7465.3,7495.0,100.0,,4
2024-11-08 09:19:00,APOHOS,NSE,,,,,7493.7,7494.05,7473.55,7480.8,123.0,,5
2024-11-08 09:20:00,APOHOS,NSE,,,,,7481.6,7486.55,7470.0,7483.0,549.0,,6
2024-11-08 09:21:00,APOHOS,NSE,,,,,7483.0,7483.0,7455.55,7481.0,801.0,,7
2024-11-08 09:22:00,APOHOS,NSE,,,,,7482.9,7498.0,7482.9,7497.85,793.0,,8
2024-11-08 09:23:00,APOHOS,NSE,,,,,7495.85,7507.75,7488.7,7500.0,746.0,,9
2024-11-08 09:24:00,APOHOS,NSE,,,,,7500.0,7509.25,7492.8,7505.15,910.0,,10
2024-11-08 09:25:00,APOHOS,NSE,,,,,7510.0,7524.25,7508.05,7513.65,429.0,,11
2024-11-08 09:26:00,APOHOS,NSE,,,,,7518.3,7520.0,7500.0,7511.15,667.0,,12
2024-11-08 09:27:00,APOHOS,NSE,,,,,7512.55,7515.0,7502.55,7510.1,388.0,,13
2024-11-08 09:28:00,APOHOS,NSE,,,,,7508.3,7524.0,7500.15,7524.0,621.0,,14
2024-11-08 09:29:00,APOHOS,NSE,,,,,7524.0,7536.95,7523.95,7532.35,809.0,,15
2024-11-08 09:30:00,APOHOS,NSE,,,,,7531.1,7540.0,7525.0,7529.7,677.0,,16
2024-11-08 09:31:00,APOHOS,NSE,,,,,7526.45,7534.3,7521.45,7529.35,627.0,,17
2024-11-08 09:32:00,APOHOS,NSE,,,,,7534.7,7544.95,7514.1,7514.1,693.0,,18
2024-11-08 09:33:00,APOHOS,NSE,,,,,7515.0,7519.3,7493.05,7493.05,411.0,,19
2024-11-08 09:34:00,APOHOS,NSE,,,,,7495.0,7506.55,7485.6,7506.5,452.0,,20
2024-11-08 09:35:00,APOHOS,NSE,,,,,7506.7,7507.2,7481.55,7483.7,419.0,,21
2024-11-08 09:36:00,APOHOS,NSE,,,,,7480.0,7485.65,7475.1,7476.0,394.0,,22
2024-11-08 09:37:00,APOHOS,NSE,,,,,7476.0,7481.05,7472.0,7479.45,516.0,,23
2024-11-08 09:38:00,APOHOS,NSE,,,,,7474.95,7479.5,7463.35,7478.9,530.0,,24
2024-11-08 09:39:00,APOHOS,NSE,,,,,7479.25,7485.25,7475.8,7480.05,532.0,,25
2024-11-08 09:40:00,APOHOS,NSE,,,,,7480.05,7496.25,7478.0,7479.6,970.0,,26
2024-11-08 09:41:00,APOHOS,NSE,,,,,7483.25,7507.25,7478.9,7506.15,529.0,,27
2024-11-08 09:42:00,APOHOS,NSE,,,,,7502.9,7507.65,7490.25,7500.0,555.0,,28
2024-11-08 09:43:00,APOHOS,NSE,,,,,7501.45,7505.0,7490.5,7490.5,481.0,,29
2024-11-08 09:44:00,APOHOS,NSE,,,,,7493.15,7495.95,7472.1,7475.7,364.0,,30
2024-11-08 09:45:00,APOHOS,NSE,,,,,7472.0,7475.65,7470.0,7474.95,416.0,,31
2024-11-08 09:46:00,APOHOS,NSE,,,,,7474.0,7495.45,7470.0,7479.25,549.0,,32
2024-11-08 09:47:00,APOHOS,NSE,,,,,7480.05,7491.0,7473.75,7480.0,343.0,,33
2024-11-08 09:48:00,APOHOS,NSE,,,,,7478.75,7480.0,7472.5,7475.05,747.0,,34
2024-11-08 09:49:00,APOHOS,NSE,,,,,7477.0,7479.2,7472.1,7477.65,570.0,,35
2024-11-08 09:50:00,APOHOS,NSE,,,,,7476.0,7479.2,7474.25,7477.65,234.0,,36
2024-11-08 09:51:00,APOHOS,NSE,,,,,7476.5,7479.1,7463.45,7465.6,416.0,,37
2024-11-08 09:52:00,APOHOS,NSE,,,,,7467.8,7475.0,7456.55,7462.75,708.0,,38
2024-11-08 09:53:00,APOHOS,NSE,,,,,7465.0,7474.05,7460.2,7470.4,629.0,,39
2024-11-08 09:54:00,APOHOS,NSE,,,,,7461.95,7469.45,7447.4,7460.55,559.0,,40
2024-11-08 09:55:00,APOHOS,NSE,,,,,7459.9,7462.05,7451.1,7454.5,545.0,,41
2024-11-08 09:56:00,APOHOS,NSE,,,,,7458.45,7470.0,7452.55,7470.0,361.0,,42
2024-11-08 09:57:00,APOHOS,NSE,,,,,7468.05,7475.0,7468.05,7472.95,260.0,,43
2024-11-08 09:58:00,APOHOS,NSE,,,,,7473.45,7474.85,7465.0,7469.95,213.0,,44
2024-11-08 09:59:00,APOHOS,NSE,,,,,7468.85,7475.2,7466.0,7471.45,356.0,,45
2024-11-08 10:00:00,APOHOS,NSE,,,,,7473.95,7477.2,7472.8,7476.8,403.0,,46
2024-11-08 10:01:00,APOHOS,NSE,,,,,7475.45,7475.45,7468.0,7470.15,498.0,,47
2024-11-08 10:02:00,APOHOS,NSE,,,,,7471.3,7473.5,7470.0,7470.2,1021.0,,48
2024-11-08 10:03:00,APOHOS,NSE,,,,,7470.0,7476.9,7469.3,7475.0,424.0,,49
2024-11-08 10:04:00,APOHOS,NSE,,,,,7474.25,7476.0,7474.25,7475.85,523.0,,50
2024-11-08 10:05:00,APOHOS,NSE,,,,,7475.35,7495.0,7474.75,7487.85,1086.0,,51
2024-11-08 10:06:00,APOHOS,NSE,,,,,7486.55,7486.55,7475.15,7475.65,414.0,,52
2024-11-08 10:07:00,APOHOS,NSE,,,,,7476.05,7479.15,7464.05,7465.35,485.0,,53
2024-11-08 10:08:00,APOHOS,NSE,,,,,7462.0,7466.2,7457.1,7460.55,488.0,,54
2024-11-08 10:09:00,APOHOS,NSE,,,,,7464.0,7467.7,7462.05,7462.8,613.0,,55
2024-11-08 10:10:00,APOHOS,NSE,,,,,7462.85,7465.55,7460.0,7463.0,461.0,,56
2024-11-08 10:11:00,APOHOS,NSE,,,,,7463.0,7465.95,7461.85,7465.1,446.0,,57
2024-11-08 10:12:00,APOHOS,NSE,,,,,7463.5,7475.0,7462.6,7475.0,1614.0,,58
2024-11-08 10:13:00,APOHOS,NSE,,,,,7475.0,7475.0,7468.4,7474.35,628.0,,59
2024-11-08 10:14:00,APOHOS,NSE,,,,,7470.15,7475.75,7468.95,7474.05,439.0,,60
2024-11-08 10:15:00,APOHOS,NSE,,,,,7473.95,7475.15,7465.5,7469.1,357.0,,61
2024-11-08 10:16:00,APOHOS,NSE,,,,,7468.2,7475.1,7468.2,7475.0,318.0,,62
2024-11-08 10:17:00,APOHOS,NSE,,,,,7473.45,7475.0,7469.2,7470.0,782.0,,63
2024-11-08 10:18:00,APOHOS,NSE,,,,,7470.0,7475.0,7463.5,7470.0,377.0,,64
2024-11-08 10:19:00,APOHOS,NSE,,,,,7470.0,7475.0,7466.4,7469.4,507.0,,65
2024-11-08 10:20:00,APOHOS,NSE,,,,,7466.0,7467.35,7458.0,7467.35,328.0,,66
2024-11-08 10:21:00,APOHOS,NSE,,,,,7467.7,7472.5,7467.35,7470.6,324.0,,67
2024-11-08 10:22:00,APOHOS,NSE,,,,,7473.15,7475.0,7463.0,7463.0,733.0,,68
2024-11-08 10:23:00,APOHOS,NSE,,,,,7464.85,7467.65,7460.0,7461.1,190.0,,69
2024-11-08 10:24:00,APOHOS,NSE,,,,,7462.5,7463.65,7460.05,7461.4,376.0,,70
2024-11-08 10:25:00,APOHOS,NSE,,,,,7462.4,7463.2,7453.7,7454.05,369.0,,71
2024-11-08 10:26:00,APOHOS,NSE,,,,,7457.05,7458.25,7440.15,7441.05,462.0,,72
2024-11-08 10:27:00,APOHOS,NSE,,,,,7444.0,7445.9,7435.0,7439.15,667.0,,73
2024-11-08 10:28:00,APOHOS,NSE,,,,,7436.2,7439.65,7431.3,7432.2,611.0,,74
2024-11-08 10:29:00,APOHOS,NSE,,,,,7431.5,7438.05,7425.0,7435.2,472.0,,75
2024-11-08 10:30:00,APOHOS,NSE,,,,,7438.35,7445.9,7436.25,7445.9,501.0,,76
2024-11-08 10:31:00,APOHOS,NSE,,,,,7446.4,7446.4,7437.65,7437.65,441.0,,77
2024-11-08 10:32:00,APOHOS,NSE,,,,,7438.85,7448.0,7438.85,7445.25,180.0,,78
2024-11-08 10:33:00,APOHOS,NSE,,,,,7444.85,7444.85,7430.0,7432.6,829.0,,79
2024-11-08 10:34:00,APOHOS,NSE,,,,,7433.45,7443.85,7433.4,7441.35,625.0,,80
2024-11-08 10:35:00,APOHOS,NSE,,,,,7440.7,7446.4,7440.7,7445.5,433.0,,81
2024-11-08 10:36:00,APOHOS,NSE,,,,,7444.85,7445.5,7436.4,7439.95,353.0,,82
2024-11-08 10:37:00,APOHOS,NSE,,,,,7439.25,7439.3,7430.35,7437.4,238.0,,83
2024-11-08 10:38:00,APOHOS,NSE,,,,,7437.4,7442.15,7434.0,7439.75,639.0,,84
2024-11-08 10:39:00,APOHOS,NSE,,,,,7441.35,7445.0,7437.25,7445.0,245.0,,85
2024-11-08 10:40:00,APOHOS,NSE,,,,,7443.15,7450.0,7441.2,7444.05,657.0,,86
2024-11-08 10:41:00,APOHOS,NSE,,,,,7445.75,7449.8,7440.7,7446.25,353.0,,87
2024-11-08 10:42:00,APOHOS,NSE,,,,,7446.15,7446.45,7439.0,7440.35,1149.0,,88
2024-11-08 10:43:00,APOHOS,NSE,,,,,7440.4,7444.0,7439.0,7442.5,914.0,,89
2024-11-08 10:44:00,APOHOS,NSE,,,,,7444.0,7447.85,7439.95,7442.55,210.0,,90
2024-11-08 10:45:00,APOHOS,NSE,,,,,7440.5,7447.0,7439.5,7447.0,421.0,,91
2024-11-08 10:46:00,APOHOS,NSE,,,,,7445.75,7448.0,7445.75,7446.15,762.0,,92
2024-11-08 10:47:00,APOHOS,NSE,,,,,7446.2,7450.0,7441.75,7447.7,341.0,,93
2024-11-08 10:48:00,APOHOS,NSE,,,,,7448.2,7450.0,7447.65,7449.85,713.0,,94
2024-11-08 10:49:00,APOHOS,NSE,,,,,7449.85,7450.0,7446.1,7449.95,176.0,,95
2024-11-08 10:50:00,APOHOS,NSE,,,,,7449.95,7449.95,7446.15,7448.45,420.0,,96
2024-11-08 10:51:00,APOHOS,NSE,,,,,7448.8,7454.95,7448.45,7449.65,602.0,,97
2024-11-08 10:52:00,APOHOS,NSE,,,,,7449.75,7449.75,7442.0,7444.0,635.0,,98
2024-11-08 10:53:00,APOHOS,NSE,,,,,7444.5,7446.75,7444.2,7446.75,501.0,,99
2024-11-08 10:54:00,APOHOS,NSE,,,,,7446.75,7452.95,7446.05,7448.7,549.0,,100
2024-11-08 10:55:00,APOHOS,NSE,,,,,7450.0,7454.95,7448.8,7449.4,545.0,,101
2024-11-08 10:56:00,APOHOS,NSE,,,,,7451.95,7451.95,7449.4,7450.0,388.0,,102
2024-11-08 10:57:00,APOHOS,NSE,,,,,7450.25,7452.5,7448.5,7450.0,625.0,,103
2024-11-08 10:58:00,APOHOS,NSE,,,,,7450.0,7451.8,7445.0,7449.55,700.0,,104
2024-11-08 10:59:00,APOHOS,NSE,,,,,7449.0,7451.55,7446.5,7448.85,397.0,,105
2024-11-08 11:00:00,APOHOS,NSE,,,,,7448.85,7450.0,7442.0,7443.5,1140.0,,106
2024-11-08 11:01:00,APOHOS,NSE,,,,,7447.4,7450.0,7446.45,7449.55,324.0,,107
2024-11-08 11:02:00,APOHOS,NSE,,,,,7450.0,7450.0,7446.35,7448.95,488.0,,108
2024-11-08 11:03:00,APOHOS,NSE,,,,,7449.5,7449.55,7448.95,7449.55,271.0,,109
2024-11-08 11:04:00,APOHOS,NSE,,,,,7449.55,7450.0,7449.45,7449.45,487.0,,110
2024-11-08 11:05:00,APOHOS,NSE,,,,,7449.35,7450.0,7440.1,7443.75,821.0,,111
2024-11-08 11:06:00,APOHOS,NSE,,,,,7445.7,7450.0,7445.7,7449.95,70.0,,112
2024-11-08 11:07:00,APOHOS,NSE,,,,,7450.0,7450.0,7449.9,7449.9,102.0,,113
2024-11-08 11:08:00,APOHOS,NSE,,,,,7449.95,7449.95,7449.05,7449.9,48.0,,114
2024-11-08 11:09:00,APOHOS,NSE,,,,,7449.35,7449.95,7446.1,7447.15,18.0,,115
2024-11-08 11:10:00,APOHOS,NSE,,,,,7446.55,7447.15,7440.0,7440.0,64.0,,116
2024-11-08 11:11:00,APOHOS,NSE,,,,,7442.95,7448.8,7442.65,7446.5,50.0,,117
2024-11-08 11:12:00,APOHOS,NSE,,,,,7449.0,7449.25,7445.0,7446.9,94.0,,118
2024-11-08 11:13:00,APOHOS,NSE,,,,,7450.0,7450.0,7447.95,7448.0,106.0,,119
2024-11-08 11:14:00,APOHOS,NSE,,,,,7448.05,7449.65,7448.05,7448.95,111.0,,120
2024-11-08 11:15:00,APOHOS,NSE,,,,,7445.5,7449.75,7445.5,7449.75,229.0,,121
2024-11-08 11:16:00,APOHOS,NSE,,,,,7449.95,7450.0,7447.6,7447.65,211.0,,122
2024-11-08 11:17:00,APOHOS,NSE,,,,,7449.15,7449.2,7445.05,7447.4,698.0,,123
2024-11-08 11:18:00,APOHOS,NSE,,,,,7447.4,7449.2,7445.05,7445.1,1696.0,,124
2024-11-08 11:19:00,APOHOS,NSE,,,,,7446.1,7446.8,7442.5,7443.1,715.0,,125
2024-11-08 11:20:00,APOHOS,NSE,,,,,7445.0,7445.0,7442.5,7442.5,209.0,,126
2024-11-08 11:21:00,APOHOS,NSE,,,,,7443.7,7444.0,7440.4,7441.05,78.0,,127
2024-11-08 11:22:00,APOHOS,NSE,,,,,7443.8,7443.8,7440.4,7443.0,62.0,,128
2024-11-08 11:23:00,APOHOS,NSE,,,,,7443.0,7443.0,7441.6,7442.85,56.0,,129
2024-11-08 11:24:00,APOHOS,NSE,,,,,7443.0,7443.75,7442.45,7443.75,117.0,,130
2024-11-08 11:25:00,APOHOS,NSE,,,,,7443.8,7445.35,7441.75,7444.35,55.0,,131
2024-11-08 11:26:00,APOHOS,NSE,,,,,7444.35,7444.35,7440.05,7444.3,36.0,,132
2024-11-08 11:27:00,APOHOS,NSE,,,,,7444.3,7448.0,7435.0,7437.3,104.0,,133
2024-11-08 11:28:00,APOHOS,NSE,,,,,7431.4,7435.45,7431.4,7435.05,122.0,,134
2024-11-08 11:29:00,APOHOS,NSE,,,,,7436.0,7441.9,7436.0,7441.8,101.0,,135
2024-11-08 11:30:00,APOHOS,NSE,,,,,7441.75,7445.0,7439.5,7439.5,171.0,,136
2024-11-08 11:31:00,APOHOS,NSE,,,,,7437.5,7443.6,7437.5,7437.5,734.0,,137
2024-11-08 11:32:00,APOHOS,NSE,,,,,7439.5,7439.95,7435.0,7435.0,529.0,,138
2024-11-08 11:33:00,APOHOS,NSE,,,,,7435.0,7438.95,7431.65,7431.65,1035.0,,139
2024-11-08 11:34:00,APOHOS,NSE,,,,,7431.0,7438.2,7430.1,7436.55,1122.0,,140
2024-11-08 11:35:00,APOHOS,NSE,,,,,7438.35,7441.0,7431.65,7436.9,327.0,,141
2024-11-08 11:36:00,APOHOS,NSE,,,,,7436.9,7436.9,7432.05,7436.35,107.0,,142
2024-11-08 11:37:00,APOHOS,NSE,,,,,7435.15,7435.15,7432.0,7433.55,406.0,,143
2024-11-08 11:38:00,APOHOS,NSE,,,,,7434.2,7436.85,7432.2,7433.65,486.0,,144
2024-11-08 11:39:00,APOHOS,NSE,,,,,7432.2,7434.7,7431.0,7431.0,794.0,,145
2024-11-08 11:40:00,APOHOS,NSE,,,,,7431.05,7440.0,7431.05,7440.0,527.0,,146
2024-11-08 11:41:00,APOHOS,NSE,,,,,7440.0,7443.25,7439.4,7439.8,345.0,,147
2024-11-08 11:42:00,APOHOS,NSE,,,,,7439.7,7439.95,7435.0,7435.0,372.0,,148
2024-11-08 11:43:00,APOHOS,NSE,,,,,7436.9,7438.75,7430.0,7430.0,919.0,,149
2024-11-08 11:44:00,APOHOS,NSE,,,,,7427.05,7429.45,7424.3,7427.9,929.0,,150
2024-11-08 11:45:00,APOHOS,NSE,,,,,7428.0,7429.6,7425.55,7427.9,229.0,,151
2024-11-08 11:46:00,APOHOS,NSE,,,,,7425.6,7425.9,7420.0,7420.05,343.0,,152
2024-11-08 11:47:00,APOHOS,NSE,,,,,7425.65,7434.7,7422.4,7429.6,587.0,,153
2024-11-08 11:48:00,APOHOS,NSE,,,,,7423.8,7428.65,7422.65,7426.85,262.0,,154
2024-11-08 11:49:00,APOHOS,NSE,,,,,7426.25,7426.95,7412.1,7416.8,403.0,,155
2024-11-08 11:50:00,APOHOS,NSE,,,,,7415.9,7416.8,7402.4,7406.25,648.0,,156
2024-11-08 11:51:00,APOHOS,NSE,,,,,7409.9,7413.75,7406.0,7412.75,328.0,,157
2024-11-08 11:52:00,APOHOS,NSE,,,,,7413.95,7413.95,7411.0,7411.4,247.0,,158
2024-11-08 11:53:00,APOHOS,NSE,,,,,7413.85,7413.9,7410.0,7412.0,291.0,,159
2024-11-08 11:54:00,APOHOS,NSE,,,,,7412.0,7412.0,7410.0,7411.4,239.0,,160
2024-11-08 11:55:00,APOHOS,NSE,,,,,7411.4,7422.9,7411.0,7422.9,259.0,,161
2024-11-08 11:56:00,APOHOS,NSE,,,,,7423.5,7424.0,7412.45,7418.2,160.0,,162
2024-11-08 11:57:00,APOHOS,NSE,,,,,7417.75,7421.55,7417.75,7421.55,250.0,,163
2024-11-08 11:58:00,APOHOS,NSE,,,,,7422.0,7432.1,7422.0,7425.0,974.0,,164
2024-11-08 11:59:00,APOHOS,NSE,,,,,7426.6,7429.9,7425.0,7425.9,289.0,,165
2024-11-08 12:00:00,APOHOS,NSE,,,,,7428.95,7429.0,7422.0,7422.0,314.0,,166
2024-11-08 12:01:00,APOHOS,NSE,,,,,7423.4,7425.1,7410.85,7415.6,535.0,,167
2024-11-08 12:02:00,APOHOS,NSE,,,,,7413.85,7417.5,7410.0,7417.0,260.0,,168
2024-11-08 12:03:00,APOHOS,NSE,,,,,7417.9,7417.9,7410.0,7410.0,227.0,,169
2024-11-08 12:04:00,APOHOS,NSE,,,,,7412.0,7417.1,7410.0,7415.45,373.0,,170
2024-11-08 12:05:00,APOHOS,NSE,,,,,7415.5,7415.9,7410.1,7411.7,202.0,,171
2024-11-08 12:06:00,APOHOS,NSE,,,,,7413.7,7416.0,7411.15,7413.05,477.0,,172
2024-11-08 12:07:00,APOHOS,NSE,,,,,7414.3,7416.35,7414.25,7415.2,98.0,,173
2024-11-08 12:08:00,APOHOS,NSE,,,,,7414.35,7418.35,7410.05,7415.0,469.0,,174
2024-11-08 12:09:00,APOHOS,NSE,,,,,7415.5,7420.0,7415.0,7415.0,267.0,,175
2024-11-08 12:10:00,APOHOS,NSE,,,,,7415.0,7417.85,7411.15,7415.0,441.0,,176
2024-11-08 12:11:00,APOHOS,NSE,,,,,7416.1,7418.0,7410.05,7410.55,204.0,,177
2024-11-08 12:12:00,APOHOS,NSE,,,,,7410.55,7410.6,7410.0,7410.0,476.0,,178
2024-11-08 12:13:00,APOHOS,NSE,,,,,7410.75,7417.35,7410.75,7411.35,281.0,,179
2024-11-08 12:14:00,APOHOS,NSE,,,,,7415.0,7415.0,7411.0,7414.9,132.0,,180
2024-11-08 12:15:00,APOHOS,NSE,,,,,7414.9,7416.8,7413.3,7416.8,265.0,,181
2024-11-08 12:16:00,APOHOS,NSE,,,,,7415.65,7417.0,7411.25,7414.8,317.0,,182
2024-11-08 12:17:00,APOHOS,NSE,,,,,7415.0,7417.0,7414.95,7416.95,98.0,,183
2024-11-08 12:18:00,APOHOS,NSE,,,,,7417.0,7417.0,7410.3,7415.0,261.0,,184
2024-11-08 12:19:00,APOHOS,NSE,,,,,7416.5,7420.0,7415.7,7418.0,139.0,,185
2024-11-08 12:20:00,APOHOS,NSE,,,,,7420.0,7420.55,7410.0,7410.0,331.0,,186
2024-11-08 12:21:00,APOHOS,NSE,,,,,7411.85,7411.85,7400.1,7405.05,889.0,,187
2024-11-08 12:22:00,APOHOS,NSE,,,,,7405.05,7408.5,7404.0,7404.05,459.0,,188
2024-11-08 12:23:00,APOHOS,NSE,,,,,7404.85,7405.85,7404.45,7404.45,335.0,,189
2024-11-08 12:24:00,APOHOS,NSE,,,,,7404.85,7404.95,7400.0,7400.2,593.0,,190
2024-11-08 12:25:00,APOHOS,NSE,,,,,7402.95,7405.6,7395.75,7395.75,465.0,,191
2024-11-08 12:26:00,APOHOS,NSE,,,,,7395.75,7395.75,7380.0,7385.0,899.0,,192
2024-11-08 12:27:00,APOHOS,NSE,,,,,7385.2,7390.2,7385.0,7387.35,508.0,,193
2024-11-08 12:28:00,APOHOS,NSE,,,,,7388.6,7396.2,7386.0,7386.05,644.0,,194
2024-11-08 12:29:00,APOHOS,NSE,,,,,7387.75,7388.85,7383.0,7385.05,373.0,,195
2024-11-08 12:30:00,APOHOS,NSE,,,,,7385.05,7392.65,7382.4,7386.35,766.0,,196
2024-11-08 12:31:00,APOHOS,NSE,,,,,7386.0,7393.0,7383.0,7389.35,513.0,,197
2024-11-08 12:32:00,APOHOS,NSE,,,,,7391.7,7396.35,7387.5,7390.7,301.0,,198
2024-11-08 12:33:00,APOHOS,NSE,,,,,7393.05,7395.75,7387.55,7392.85,355.0,,199
2024-11-08 12:34:00,APOHOS,NSE,,,,,7391.25,7392.75,7386.0,7391.0,136.0,,200
2024-11-08 12:35:00,APOHOS,NSE,,,,,7391.5,7393.0,7387.05,7391.35,225.0,,201
2024-11-08 12:36:00,APOHOS,NSE,,,,,7389.35,7398.4,7389.35,7392.25,534.0,,202
2024-11-08 12:37:00,APOHOS,NSE,,,,,7390.0,7392.85,7390.0,7392.85,292.0,,203
2024-11-08 12:38:00,APOHOS,NSE,,,,,7392.45,7395.0,7390.0,7391.25,387.0,,204
2024-11-08 12:39:00,APOHOS,NSE,,,,,7394.0,7394.0,7390.0,7394.0,515.0,,205
2024-11-08 12:40:00,APOHOS,NSE,,,,,7392.6,7398.65,7390.0,7390.0,148.0,,206
2024-11-08 12:41:00,APOHOS,NSE,,,,,7393.3,7397.95,7390.0,7397.0,366.0,,207
2024-11-08 12:42:00,APOHOS,NSE,,,,,7399.1,7400.0,7393.15,7393.15,183.0,,208
2024-11-08 12:43:00,APOHOS,NSE,,,,,7391.15,7395.15,7391.05,7391.05,156.0,,209
2024-11-08 12:44:00,APOHOS,NSE,,,,,7392.9,7395.3,7385.0,7385.0,874.0,,210
2024-11-08 12:45:00,APOHOS,NSE,,,,,7385.05,7388.0,7385.0,7388.0,267.0,,211
2024-11-08 12:46:00,APOHOS,NSE,,,,,7388.05,7388.95,7386.05,7388.45,281.0,,212
2024-11-08 12:47:00,APOHOS,NSE,,,,,7388.75,7390.0,7388.05,7390.0,292.0,,213
2024-11-08 12:48:00,APOHOS,NSE,,,,,7390.0,7390.0,7385.0,7390.0,664.0,,214
2024-11-08 12:49:00,APOHOS,NSE,,,,,7389.45,7396.4,7388.9,7395.0,339.0,,215
2024-11-08 12:50:00,APOHOS,NSE,,,,,7395.8,7406.95,7395.45,7402.4,463.0,,216
2024-11-08 12:51:00,APOHOS,NSE,,,,,7401.35,7406.25,7400.0,7402.35,364.0,,217
2024-11-08 12:52:00,APOHOS,NSE,,,,,7401.3,7402.0,7400.0,7401.4,339.0,,218
2024-11-08 12:53:00,APOHOS,NSE,,,,,7401.75,7405.0,7395.8,7400.85,537.0,,219
2024-11-08 12:54:00,APOHOS,NSE,,,,,7399.4,7400.0,7397.9,7398.6,218.0,,220
2024-11-08 12:55:00,APOHOS,NSE,,,,,7399.35,7400.0,7397.5,7399.2,290.0,,221
2024-11-08 12:56:00,APOHOS,NSE,,,,,7399.1,7400.0,7398.95,7399.3,179.0,,222
2024-11-08 12:57:00,APOHOS,NSE,,,,,7399.65,7400.0,7399.25,7399.8,195.0,,223
2024-11-08 12:58:00,APOHOS,NSE,,,,,7399.95,7406.0,7399.8,7401.7,410.0,,224
2024-11-08 12:59:00,APOHOS,NSE,,,,,7402.2,7402.2,7397.05,7401.05,414.0,,225
2024-11-08 13:00:00,APOHOS,NSE,,,,,7400.15,7400.95,7399.05,7399.95,461.0,,226
2024-11-08 13:01:00,APOHOS,NSE,,,,,7399.55,7404.75,7399.1,7404.75,189.0,,227
2024-11-08 13:02:00,APOHOS,NSE,,,,,7405.0,7415.0,7403.0,7413.7,541.0,,228
2024-11-08 13:03:00,APOHOS,NSE,,,,,7413.7,7416.0,7410.0,7411.85,289.0,,229
2024-11-08 13:04:00,APOHOS,NSE,,,,,7412.65,7420.2,7412.0,7419.15,764.0,,230
2024-11-08 13:05:00,APOHOS,NSE,,,,,7415.0,7419.0,7410.2,7410.2,278.0,,231
2024-11-08 13:06:00,APOHOS,NSE,,,,,7412.25,7414.4,7410.0,7410.4,480.0,,232
2024-11-08 13:07:00,APOHOS,NSE,,,,,7410.4,7413.15,7410.0,7411.4,286.0,,233
2024-11-08 13:08:00,APOHOS,NSE,,,,,7413.15,7432.0,7412.3,7432.0,414.0,,234
2024-11-08 13:09:00,APOHOS,NSE,,,,,7430.6,7431.5,7422.35,7424.5,243.0,,235
2024-11-08 13:10:00,APOHOS,NSE,,,,,7421.65,7423.3,7412.05,7420.5,381.0,,236
2024-11-08 13:11:00,APOHOS,NSE,,,,,7421.0,7423.0,7415.5,7417.0,248.0,,237
2024-11-08 13:12:00,APOHOS,NSE,,,,,7416.7,7420.7,7415.5,7417.0,183.0,,238
2024-11-08 13:13:00,APOHOS,NSE,,,,,7419.0,7422.0,7418.05,7421.9,284.0,,239
2024-11-08 13:14:00,APOHOS,NSE,,,,,7421.25,7423.35,7420.0,7420.0,706.0,,240
2024-11-08 13:15:00,APOHOS,NSE,,,,,7420.0,7420.25,7415.75,7419.1,303.0,,241
2024-11-08 13:16:00,APOHOS,NSE,,,,,7419.6,7420.0,7418.1,7418.1,228.0,,242
2024-11-08 13:17:00,APOHOS,NSE,,,,,7418.3,7419.9,7418.15,7419.55,115.0,,243
2024-11-08 13:18:00,APOHOS,NSE,,,,,7419.25,7425.9,7419.0,7422.2,794.0,,244
2024-11-08 13:19:00,APOHOS,NSE,,,,,7422.85,7423.0,7420.0,7422.8,325.0,,245
2024-11-08 13:20:00,APOHOS,NSE,,,,,7422.75,7423.0,7420.0,7422.75,143.0,,246
2024-11-08 13:21:00,APOHOS,NSE,,,,,7422.7,7423.0,7419.65,7419.65,742.0,,247
2024-11-08 13:22:00,APOHOS,NSE,,,,,7419.65,7419.7,7415.2,7415.2,457.0,,248
2024-11-08 13:23:00,APOHOS,NSE,,,,,7415.0,7421.75,7415.0,7421.75,431.0,,249
2024-11-08 13:24:00,APOHOS,NSE,,,,,7420.6,7422.65,7415.5,7418.75,216.0,,250
2024-11-08 13:25:00,APOHOS,NSE,,,,,7418.9,7423.0,7418.15,7420.95,315.0,,251
2024-11-08 13:26:00,APOHOS,NSE,,,,,7420.65,7420.65,7416.8,7420.15,344.0,,252
2024-11-08 13:27:00,APOHOS,NSE,,,,,7420.55,7423.0,7420.0,7423.0,308.0,,253
2024-11-08 13:28:00,APOHOS,NSE,,,,,7421.6,7430.0,7421.2,7426.35,268.0,,254
2024-11-08 13:29:00,APOHOS,NSE,,,,,7426.35,7427.8,7422.05,7425.55,464.0,,255
2024-11-08 13:30:00,APOHOS,NSE,,,,,7424.7,7427.6,7421.85,7427.6,183.0,,256
2024-11-08 13:31:00,APOHOS,NSE,,,,,7426.0,7427.9,7422.0,7425.7,226.0,,257
2024-11-08 13:32:00,APOHOS,NSE,,,,,7425.9,7425.9,7421.85,7422.2,136.0,,258
2024-11-08 13:33:00,APOHOS,NSE,,,,,7423.7,7425.9,7422.65,7423.0,284.0,,259
2024-11-08 13:34:00,APOHOS,NSE,,,,,7423.0,7429.0,7421.25,7428.25,214.0,,260
2024-11-08 13:35:00,APOHOS,NSE,,,,,7426.8,7435.65,7426.4,7427.25,268.0,,261
2024-11-08 13:36:00,APOHOS,NSE,,,,,7427.25,7430.15,7425.0,7425.0,801.0,,262
2024-11-08 13:37:00,APOHOS,NSE,,,,,7425.0,7425.15,7420.0,7420.0,974.0,,263
2024-11-08 13:38:00,APOHOS,NSE,,,,,7420.0,7420.15,7417.55,7419.65,438.0,,264
2024-11-08 13:39:00,APOHOS,NSE,,,,,7419.0,7420.0,7417.5,7420.0,382.0,,265
2024-11-08 13:40:00,APOHOS,NSE,,,,,7418.8,7420.0,7418.0,7418.0,190.0,,266
2024-11-08 13:41:00,APOHOS,NSE,,,,,7418.05,7418.05,7417.5,7417.55,412.0,,267
2024-11-08 13:42:00,APOHOS,NSE,,,,,7417.55,7417.55,7405.0,7407.25,829.0,,268
2024-11-08 13:43:00,APOHOS,NSE,,,,,7410.15,7417.6,7407.7,7417.6,582.0,,269
2024-11-08 13:44:00,APOHOS,NSE,,,,,7418.3,7422.65,7418.3,7421.85,507.0,,270
2024-11-08 13:45:00,APOHOS,NSE,,,,,7422.0,7423.3,7421.95,7423.0,405.0,,271
2024-11-08 13:46:00,APOHOS,NSE,,,,,7423.0,7424.15,7416.9,7420.75,541.0,,272
2024-11-08 13:47:00,APOHOS,NSE,,,,,7420.85,7435.0,7420.85,7424.4,599.0,,273
2024-11-08 13:48:00,APOHOS,NSE,,,,,7425.85,7429.0,7421.25,7422.4,650.0,,274
2024-11-08 13:49:00,APOHOS,NSE,,,,,7422.6,7422.6,7416.65,7419.55,455.0,,275
2024-11-08 13:50:00,APOHOS,NSE,,,,,7419.85,7420.05,7419.5,7420.05,456.0,,276
2024-11-08 13:51:00,APOHOS,NSE,,,,,7420.05,7421.0,7420.0,7421.0,275.0,,277
2024-11-08 13:52:00,APOHOS,NSE,,,,,7421.0,7422.0,7420.0,7420.0,466.0,,278
2024-11-08 13:53:00,APOHOS,NSE,,,,,7420.0,7420.15,7419.6,7420.0,339.0,,279
2024-11-08 13:54:00,APOHOS,NSE,,,,,7420.05,7420.1,7416.25,7416.25,278.0,,280
2024-11-08 13:55:00,APOHOS,NSE,,,,,7418.25,7425.0,7415.3,7416.65,316.0,,281
2024-11-08 13:56:00,APOHOS,NSE,,,,,7418.25,7422.65,7418.25,7421.3,453.0,,282
2024-11-08 13:57:00,APOHOS,NSE,,,,,7420.85,7421.35,7419.6,7420.0,431.0,,283
2024-11-08 13:58:00,APOHOS,NSE,,,,,7420.0,7422.75,7419.95,7422.7,330.0,,284
2024-11-08 13:59:00,APOHOS,NSE,,,,,7422.75,7424.6,7421.2,7421.8,209.0,,285
2024-11-08 14:00:00,APOHOS,NSE,,,,,7421.85,7421.85,7417.55,7419.3,701.0,,286
2024-11-08 14:01:00,APOHOS,NSE,,,,,7419.3,7419.3,7418.15,7418.85,358.0,,287
2024-11-08 14:02:00,APOHOS,NSE,,,,,7418.85,7423.55,7418.85,7420.0,500.0,,288
2024-11-08 14:03:00,APOHOS,NSE,,,,,7420.05,7420.55,7418.0,7420.05,852.0,,289
2024-11-08 14:04:00,APOHOS,NSE,,,,,7420.05,7420.7,7419.05,7419.95,475.0,,290
2024-11-08 14:05:00,APOHOS,NSE,,,,,7419.95,7422.0,7419.45,7422.0,205.0,,291
2024-11-08 14:06:00,APOHOS,NSE,,,,,7422.85,7422.85,7418.05,7420.9,110.0,,292
2024-11-08 14:07:00,APOHOS,NSE,,,,,7419.45,7420.45,7419.4,7419.95,115.0,,293
2024-11-08 14:08:00,APOHOS,NSE,,,,,7420.05,7422.0,7420.05,7421.3,87.0,,294
2024-11-08 14:09:00,APOHOS,NSE,,,,,7421.4,7421.4,7421.0,7421.0,42.0,,295
2024-11-08 14:10:00,APOHOS,NSE,,,,,7421.05,7421.4,7420.85,7420.85,302.0,,296
2024-11-08 14:11:00,APOHOS,NSE,,,,,7421.0,7421.2,7418.0,7419.4,499.0,,297
2024-11-08 14:12:00,APOHOS,NSE,,,,,7419.4,7419.5,7418.0,7418.65,652.0,,298
2024-11-08 14:13:00,APOHOS,NSE,,,,,7418.65,7420.0,7418.0,7418.15,445.0,,299
2024-11-08 14:14:00,APOHOS,NSE,,,,,7418.2,7419.9,7418.05,7419.85,486.0,,300
2024-11-08 14:15:00,APOHOS,NSE,,,,,7419.8,7419.9,7419.4,7419.65,445.0,,301
2024-11-08 14:16:00,APOHOS,NSE,,,,,7419.65,7419.65,7419.5,7419.6,50.0,,302
2024-11-08 14:17:00,APOHOS,NSE,,,,,7419.6,7419.8,7419.5,7419.75,54.0,,303
2024-11-08 14:18:00,APOHOS,NSE,,,,,7419.85,7420.05,7419.1,7419.1,44.0,,304
2024-11-08 14:19:00,APOHOS,NSE,,,,,7419.0,7419.0,7414.0,7414.8,63.0,,305
2024-11-08 14:20:00,APOHOS,NSE,,,,,7414.85,7416.35,7414.05,7415.5,129.0,,306
2024-11-08 14:21:00,APOHOS,NSE,,,,,7414.7,7414.95,7411.3,7411.3,138.0,,307
2024-11-08 14:22:00,APOHOS,NSE,,,,,7411.6,7411.6,7403.8,7403.8,76.0,,308
2024-11-08 14:23:00,APOHOS,NSE,,,,,7404.75,7408.6,7404.75,7405.5,33.0,,309
2024-11-08 14:24:00,APOHOS,NSE,,,,,7404.9,7414.05,7404.45,7413.05,46.0,,310
2024-11-08 14:25:00,APOHOS,NSE,,,,,7413.65,7420.0,7413.65,7419.95,257.0,,311
2024-11-08 14:26:00,APOHOS,NSE,,,,,7418.0,7419.95,7416.85,7417.0,534.0,,312
2024-11-08 14:27:00,APOHOS,NSE,,,,,7419.15,7422.0,7416.45,7417.85,365.0,,313
2024-11-08 14:28:00,APOHOS,NSE,,,,,7417.45,7420.15,7415.9,7415.9,777.0,,314
2024-11-08 14:29:00,APOHOS,NSE,,,,,7418.35,7422.0,7417.8,7420.0,502.0,,315
2024-11-08 14:30:00,APOHOS,NSE,,,,,7421.2,7423.9,7420.7,7421.9,638.0,,316
2024-11-08 14:31:00,APOHOS,NSE,,,,,7422.0,7422.0,7418.0,7419.7,425.0,,317
2024-11-08 14:32:00,APOHOS,NSE,,,,,7418.35,7418.35,7417.9,7417.95,843.0,,318
2024-11-08 14:33:00,APOHOS,NSE,,,,,7417.95,7417.95,7417.05,7417.75,366.0,,319
2024-11-08 14:34:00,APOHOS,NSE,,,,,7417.7,7420.0,7417.0,7419.95,665.0,,320
2024-11-08 14:35:00,APOHOS,NSE,,,,,7420.0,7421.65,7417.1,7418.0,242.0,,321
2024-11-08 14:36:00,APOHOS,NSE,,,,,7418.8,7418.8,7416.65,7418.5,22.0,,322
2024-11-08 14:37:00,APOHOS,NSE,,,,,7418.15,7418.5,7418.15,7418.5,21.0,,323
2024-11-08 14:38:00,APOHOS,NSE,,,,,7417.95,7417.95,7413.3,7415.0,110.0,,324
2024-11-08 14:39:00,APOHOS,NSE,,,,,7414.4,7415.1,7414.4,7414.65,61.0,,325
2024-11-08 14:40:00,APOHOS,NSE,,,,,7414.7,7414.7,7410.5,7412.8,135.0,,326
2024-11-08 14:41:00,APOHOS,NSE,,,,,7411.6,7415.0,7409.9,7414.4,161.0,,327
2024-11-08 14:42:00,APOHOS,NSE,,,,,7415.0,7417.0,7414.75,7417.0,41.0,,328
2024-11-08 14:43:00,APOHOS,NSE,,,,,7416.9,7417.0,7415.0,7416.5,87.0,,329
2024-11-08 14:44:00,APOHOS,NSE,,,,,7417.0,7417.5,7416.3,7417.5,51.0,,330
2024-11-08 14:45:00,APOHOS,NSE,,,,,7418.0,7418.0,7415.9,7416.0,373.0,,331
2024-11-08 14:46:00,APOHOS,NSE,,,,,7415.85,7415.9,7414.1,7415.7,86.0,,332
2024-11-08 14:47:00,APOHOS,NSE,,,,,7415.9,7415.9,7414.05,7414.05,124.0,,333
2024-11-08 14:48:00,APOHOS,NSE,,,,,7414.75,7415.0,7414.65,7415.0,18.0,,334
2024-11-08 14:49:00,APOHOS,NSE,,,,,7415.0,7420.0,7414.95,7420.0,171.0,,335
2024-11-08 14:50:00,APOHOS,NSE,,,,,7420.0,7420.0,7419.75,7419.95,35.0,,336
2024-11-08 14:51:00,APOHOS,NSE,,,,,7420.0,7421.15,7418.0,7418.0,25.0,,337
2024-11-08 14:52:00,APOHOS,NSE,,,,,7419.7,7420.0,7419.1,7419.75,78.0,,338
2024-11-08 14:53:00,APOHOS,NSE,,,,,7420.0,7420.0,7416.5,7419.25,86.0,,339
2024-11-08 14:54:00,APOHOS,NSE,,,,,7419.25,7425.0,7419.25,7425.0,13.0,,340
2024-11-08 14:55:00,APOHOS,NSE,,,,,7423.25,7425.0,7421.25,7421.25,248.0,,341
2024-11-08 14:56:00,APOHOS,NSE,,,,,7421.15,7421.15,7419.05,7419.05,71.0,,342
2024-11-08 14:57:00,APOHOS,NSE,,,,,7419.05,7419.6,7418.5,7419.55,83.0,,343
2024-11-08 14:58:00,APOHOS,NSE,,,,,7419.5,7419.5,7417.0,7417.0,61.0,,344
2024-11-08 14:59:00,APOHOS,NSE,,,,,7418.5,7419.4,7418.5,7419.0,98.0,,345
2024-11-08 15:00:00,APOHOS,NSE,,,,,7419.0,7423.0,7418.05,7418.05,66.0,,346
2024-11-08 15:01:00,APOHOS,NSE,,,,,7419.2,7423.95,7419.05,7422.85,88.0,,347
2024-11-08 15:02:00,APOHOS,NSE,,,,,7422.0,7422.0,7417.6,7420.9,22.0,,348
2024-11-08 15:03:00,APOHOS,NSE,,,,,7420.95,7420.95,7417.85,7419.75,44.0,,349
2024-11-08 15:04:00,APOHOS,NSE,,,,,7419.75,7419.75,7419.05,7419.55,20.0,,350
2024-11-08 15:05:00,APOHOS,NSE,,,,,7419.65,7420.9,7419.65,7420.9,171.0,,351
2024-11-08 15:06:00,APOHOS,NSE,,,,,7420.9,7423.45,7420.9,7422.6,58.0,,352
2024-11-08 15:07:00,APOHOS,NSE,,,,,7429.15,7429.15,7425.3,7427.0,69.0,,353
2024-11-08 15:08:00,APOHOS,NSE,,,,,7427.1,7429.15,7427.0,7429.15,50.0,,354
2024-11-08 15:09:00,APOHOS,NSE,,,,,7429.1,7433.95,7429.1,7432.35,155.0,,355
2024-11-08 15:10:00,APOHOS,NSE,,,,,7434.65,7435.0,7424.0,7425.1,424.0,,356
2024-11-08 15:11:00,APOHOS,NSE,,,,,7424.0,7424.6,7415.9,7419.1,356.0,,357
2024-11-08 15:12:00,APOHOS,NSE,,,,,7419.4,7425.0,7417.7,7422.0,318.0,,358
2024-11-08 15:13:00,APOHOS,NSE,,,,,7422.85,7422.85,7418.0,7420.45,368.0,,359
2024-11-08 15:14:00,APOHOS,NSE,,,,,7421.0,7421.95,7418.05,7418.05,339.0,,360
2024-11-08 15:15:00,APOHOS,NSE,,,,,7418.6,7421.35,7418.4,7421.35,222.0,,361
2024-11-08 15:16:00,APOHOS,NSE,,,,,7421.45,7426.0,7421.45,7422.0,532.0,,362
2024-11-08 15:17:00,APOHOS,NSE,,,,,7422.05,7423.8,7420.0,7421.0,773.0,,363
2024-11-08 15:18:00,APOHOS,NSE,,,,,7421.05,7421.05,7414.7,7419.65,560.0,,364
2024-11-08 15:19:00,APOHOS,NSE,,,,,7419.65,7422.95,7416.7,7422.95,1544.0,,365
2024-11-08 15:20:00,APOHOS,NSE,,,,,7422.95,7423.95,7415.8,7419.6,460.0,,366
2024-11-08 15:21:00,APOHOS,NSE,,,,,7414.25,7421.95,7412.65,7421.8,408.0,,367
2024-11-08 15:22:00,APOHOS,NSE,,,,,7421.8,7424.4,7418.15,7419.2,425.0,,368
2024-11-08 15:23:00,APOHOS,NSE,,,,,7421.6,7424.15,7410.55,7423.15,564.0,,369
2024-11-08 15:24:00,APOHOS,NSE,,,,,7423.15,7423.6,7416.85,7420.8,322.0,,370
2024-11-08 15:25:00,APOHOS,NSE,,,,,7420.75,7423.0,7418.15,7418.65,595.0,,371
2024-11-08 15:26:00,APOHOS,NSE,,,,,7423.5,7423.5,7413.6,7420.45,794.0,,372
2024-11-08 15:27:00,APOHOS,NSE,,,,,7420.45,7423.0,7416.15,7418.4,518.0,,373
2024-11-08 15:28:00,APOHOS,NSE,,,,,7418.4,7421.0,7416.15,7419.45,453.0,,374
2024-11-08 15:29:00,APOHOS,NSE,,,,,7419.45,7422.0,7418.4,7422.0,216.0,,375
2024-11-08 15:30:00,APOHOS,NSE,,,,,7421.85,7421.85,7410.0,7410.0,176.0,,376
2024-11-08 15:44:00,APOHOS,NSE,,,,,7421.4,7421.4,7421.4,7421.4,6.0,,377
2024-11-08 15:46:00,APOHOS,NSE,,,,,7410.0,7410.0,7410.0,7410.0,348.0,,379
2024-11-11 09:07:00,APOHOS,NSE,,,,,7400.0,7400.0,7400.0,7400.0,5.0,,0
2024-11-11 09:15:00,APOHOS,NSE,,,,,7393.8,7437.0,7382.1,7436.3,207.0,,1
2024-11-11 09:16:00,APOHOS,NSE,,,,,7443.9,7454.0,7383.1,7387.7,530.0,,2
2024-11-11 09:17:00,APOHOS,NSE,,,,,7388.05,7393.55,7371.2,7393.55,390.0,,3
2024-11-11 09:18:00,APOHOS,NSE,,,,,7393.55,7402.5,7388.05,7402.5,319.0,,4
2024-11-11 09:19:00,APOHOS,NSE,,,,,7402.5,7411.6,7384.2,7384.2,468.0,,5
2024-11-11 09:20:00,APOHOS,NSE,,,,,7384.65,7405.55,7384.25,7399.5,372.0,,6
2024-11-11 09:21:00,APOHOS,NSE,,,,,7402.9,7407.35,7395.05,7399.35,220.0,,7
2024-11-11 09:22:00,APOHOS,NSE,,,,,7396.3,7403.55,7395.0,7398.1,331.0,,8
2024-11-11 09:23:00,APOHOS,NSE,,,,,7398.1,7407.8,7397.15,7407.8,261.0,,9
2024-11-11 09:24:00,APOHOS,NSE,,,,,7404.4,7407.75,7390.0,7390.0,2085.0,,10
2024-11-11 09:25:00,APOHOS,NSE,,,,,7392.35,7399.15,7382.2,7394.15,332.0,,11
2024-11-11 09:26:00,APOHOS,NSE,,,,,7393.75,7399.0,7392.1,7392.1,49.0,,12
2024-11-11 09:27:00,APOHOS,NSE,,,,,7394.9,7396.9,7383.3,7394.6,30.0,,13
2024-11-11 09:28:00,APOHOS,NSE,,,,,7397.0,7398.55,7393.8,7397.0,91.0,,14
2024-11-11 09:29:00,APOHOS,NSE,,,,,7398.5,7398.8,7394.95,7396.75,60.0,,15
2024-11-11 09:30:00,APOHOS,NSE,,,,,7395.45,7398.7,7393.3,7396.15,70.0,,16
2024-11-11 09:31:00,APOHOS,NSE,,,,,7396.4,7396.4,7393.25,7396.3,25.0,,17
2024-11-11 09:32:00,APOHOS,NSE,,,,,7398.7,7400.0,7396.8,7399.85,184.0,,18
2024-11-11 09:33:00,APOHOS,NSE,,,,,7399.55,7414.5,7399.15,7408.1,46.0,,19
2024-11-11 09:34:00,APOHOS,NSE,,,,,7408.3,7408.3,7402.75,7402.75,105.0,,20
2024-11-11 09:35:00,APOHOS,NSE,,,,,7404.4,7407.2,7404.4,7405.25,49.0,,21
2024-11-11 09:36:00,APOHOS,NSE,,,,,7401.35,7401.35,7397.7,7397.7,38.0,,22
2024-11-11 09:37:00,APOHOS,NSE,,,,,7397.7,7403.35,7397.7,7403.3,55.0,,23
2024-11-11 09:38:00,APOHOS,NSE,,,,,7400.4,7401.15,7396.1,7398.45,39.0,,24
2024-11-11 09:39:00,APOHOS,NSE,,,,,7399.05,7399.05,7395.6,7395.65,66.0,,25
2024-11-11 09:40:00,APOHOS,NSE,,,,,7394.0,7395.45,7393.65,7393.65,13.0,,26
2024-11-11 09:41:00,APOHOS,NSE,,,,,7393.65,7393.65,7390.0,7390.9,82.0,,27
2024-11-11 09:42:00,APOHOS,NSE,,,,,7390.5,7391.15,7380.0,7380.0,374.0,,28
2024-11-11 09:43:00,APOHOS,NSE,,,,,7381.7,7388.95,7381.7,7388.95,12.0,,29
2024-11-11 09:44:00,APOHOS,NSE,,,,,7390.05,7391.9,7387.6,7389.3,20.0,,30
2024-11-11 09:45:00,APOHOS,NSE,,,,,7388.95,7394.4,7388.5,7392.95,55.0,,31
2024-11-11 09:46:00,APOHOS,NSE,,,,,7388.7,7388.7,7385.0,7386.05,61.0,,32
2024-11-11 09:47:00,APOHOS,NSE,,,,,7386.05,7386.05,7380.0,7381.15,48.0,,33
2024-11-11 09:48:00,APOHOS,NSE,,,,,7381.2,7389.2,7381.2,7389.15,16.0,,34
2024-11-11 09:49:00,APOHOS,NSE,,,,,7390.0,7399.85,7390.0,7399.85,31.0,,35
2024-11-11 09:50:00,APOHOS,NSE,,,,,7397.2,7399.95,7392.7,7392.7,29.0,,36
2024-11-11 09:51:00,APOHOS,NSE,,,,,7392.7,7395.45,7392.7,7394.9,58.0,,37
2024-11-11 09:52:00,APOHOS,NSE,,,,,7394.9,7394.9,7387.1,7394.9,59.0,,38
2024-11-11 09:53:00,APOHOS,NSE,,,,,7390.5,7394.5,7390.5,7391.65,186.0,,39
2024-11-11 09:54:00,APOHOS,NSE,,,,,7394.85,7394.85,7385.0,7394.35,75.0,,40
2024-11-11 09:55:00,APOHOS,NSE,,,,,7394.35,7394.35,7388.8,7388.9,41.0,,41
2024-11-11 09:56:00,APOHOS,NSE,,,,,7387.6,7387.6,7367.95,7367.95,77.0,,42
2024-11-11 09:57:00,APOHOS,NSE,,,,,7372.3,7372.3,7362.5,7363.0,55.0,,43
2024-11-11 09:58:00,APOHOS,NSE,,,,,7365.45,7374.0,7365.45,7372.0,84.0,,44
2024-11-11 09:59:00,APOHOS,NSE,,,,,7373.0,7373.0,7366.9,7368.9,97.0,,45
2024-11-11 10:00:00,APOHOS,NSE,,,,,7368.9,7368.9,7361.6,7363.65,33.0,,46
2024-11-11 10:01:00,APOHOS,NSE,,,,,7360.0,7360.0,7355.8,7355.8,155.0,,47
2024-11-11 10:02:00,APOHOS,NSE,,,,,7357.9,7358.7,7352.2,7354.9,132.0,,48
2024-11-11 10:03:00,APOHOS,NSE,,,,,7354.9,7355.0,7346.4,7354.0,54.0,,49
2024-11-11 10:04:00,APOHOS,NSE,,,,,7359.95,7361.95,7357.6,7360.0,61.0,,50
2024-11-11 10:05:00,APOHOS,NSE,,,,,7361.0,7375.95,7361.0,7375.5,272.0,,51
2024-11-11 10:06:00,APOHOS,NSE,,,,,7375.45,7376.8,7366.35,7366.35,253.0,,52
2024-11-11 10:07:00,APOHOS,NSE,,,,,7366.35,7379.95,7365.8,7379.9,360.0,,53
2024-11-11 10:08:00,APOHOS,NSE,,,,,7373.75,7377.15,7370.75,7373.65,295.0,,54
2024-11-11 10:09:00,APOHOS,NSE,,,,,7373.65,7373.65,7366.4,7369.6,256.0,,55
2024-11-11 10:10:00,APOHOS,NSE,,,,,7370.0,7373.65,7370.0,7373.1,246.0,,56
2024-11-11 10:11:00,APOHOS,NSE,,,,,7373.5,7373.5,7370.0,7371.9,446.0,,57
2024-11-11 10:12:00,APOHOS,NSE,,,,,7371.9,7371.9,7370.0,7370.0,506.0,,58
2024-11-11 10:13:00,APOHOS,NSE,,,,,7369.6,7369.6,7365.0,7365.0,617.0,,59
2024-11-11 10:14:00,APOHOS,NSE,,,,,7364.25,7367.45,7358.0,7360.55,254.0,,60
2024-11-11 10:15:00,APOHOS,NSE,,,,,7360.45,7366.9,7359.2,7366.45,444.0,,61
2024-11-11 10:16:00,APOHOS,NSE,,,,,7366.7,7366.7,7366.45,7366.45,116.0,,62
2024-11-11 10:17:00,APOHOS,NSE,,,,,7363.7,7371.2,7363.55,7366.35,60.0,,63
2024-11-11 10:18:00,APOHOS,NSE,,,,,7366.7,7366.7,7364.0,7366.3,66.0,,64
2024-11-11 10:19:00,APOHOS,NSE,,,,,7370.0,7372.0,7367.05,7372.0,41.0,,65
2024-11-11 10:20:00,APOHOS,NSE,,,,,7373.0,7373.0,7364.9,7364.9,91.0,,66
2024-11-11 10:21:00,APOHOS,NSE,,,,,7364.9,7369.9,7364.9,7369.9,45.0,,67
2024-11-11 10:22:00,APOHOS,NSE,,,,,7368.25,7369.9,7368.1,7369.9,68.0,,68
2024-11-11 10:23:00,APOHOS,NSE,,,,,7369.1,7369.1,7364.0,7364.55,47.0,,69
2024-11-11 10:24:00,APOHOS,NSE,,,,,7364.05,7364.35,7361.6,7362.95,70.0,,70
2024-11-11 10:25:00,APOHOS,NSE,,,,,7362.0,7368.0,7360.9,7361.05,230.0,,71
2024-11-11 10:26:00,APOHOS,NSE,,,,,7360.4,7365.75,7360.0,7364.3,313.0,,72
2024-11-11 10:27:00,APOHOS,NSE,,,,,7364.3,7364.35,7362.45,7364.0,194.0,,73
2024-11-11 10:28:00,APOHOS,NSE,,,,,7363.6,7369.9,7362.45,7365.5,298.0,,74
2024-11-11 10:29:00,APOHOS,NSE,,,,,7363.65,7372.35,7363.65,7370.0,450.0,,75
2024-11-11 10:30:00,APOHOS,NSE,,,,,7370.0,7372.0,7364.05,7365.8,183.0,,76
2024-11-11 10:31:00,APOHOS,NSE,,,,,7365.8,7365.8,7363.65,7365.6,236.0,,77
2024-11-11 10:32:00,APOHOS,NSE,,,,,7365.6,7365.6,7355.6,7356.0,373.0,,78
2024-11-11 10:33:00,APOHOS,NSE,,,,,7357.2,7357.2,7347.65,7349.8,354.0,,79
2024-11-11 10:34:00,APOHOS,NSE,,,,,7347.65,7348.95,7340.6,7343.0,386.0,,80
2024-11-11 10:35:00,APOHOS,NSE,,,,,7345.4,7347.4,7339.35,7339.35,168.0,,81
2024-11-11 10:36:00,APOHOS,NSE,,,,,7342.0,7342.0,7340.55,7341.2,17.0,,82
2024-11-11 10:37:00,APOHOS,NSE,,,,,7340.85,7347.5,7340.85,7345.25,28.0,,83
2024-11-11 10:38:00,APOHOS,NSE,,,,,7344.7,7344.7,7342.0,7344.55,44.0,,84
2024-11-11 10:39:00,APOHOS,NSE,,,,,7344.55,7355.0,7344.55,7355.0,136.0,,85
2024-11-11 10:40:00,APOHOS,NSE,,,,,7355.0,7362.45,7355.0,7361.55,303.0,,86
2024-11-11 10:41:00,APOHOS,NSE,,,,,7361.55,7364.75,7356.45,7362.05,198.0,,87
2024-11-11 10:42:00,APOHOS,NSE,,,,,7364.3,7364.7,7359.8,7361.05,159.0,,88
2024-11-11 10:43:00,APOHOS,NSE,,,,,7361.4,7361.4,7351.75,7351.75,310.0,,89
2024-11-11 10:44:00,APOHOS,NSE,,,,,7351.75,7353.35,7349.75,7349.75,329.0,,90
2024-11-11 10:45:00,APOHOS,NSE,,,,,7350.9,7352.85,7344.55,7352.75,464.0,,91
2024-11-11 10:46:00,APOHOS,NSE,,,,,7352.75,7352.85,7349.0,7351.85,315.0,,92
2024-11-11 10:47:00,APOHOS,NSE,,,,,7350.55,7350.8,7340.05,7346.5,320.0,,93
2024-11-11 10:48:00,APOHOS,NSE,,,,,7346.5,7350.55,7343.7,7350.55,129.0,,94
2024-11-11 10:49:00,APOHOS,NSE,,,,,7347.5,7350.1,7347.05,7349.4,303.0,,95
2024-11-11 10:50:00,APOHOS,NSE,,,,,7349.05,7349.05,7345.85,7347.55,94.0,,96
2024-11-11 10:51:00,APOHOS,NSE,,,,,7347.55,7354.9,7347.15,7354.9,31.0,,97
2024-11-11 10:52:00,APOHOS,NSE,,,,,7353.0,7353.0,7346.55,7347.75,39.0,,98
2024-11-11 10:53:00,APOHOS,NSE,,,,,7347.3,7350.0,7347.3,7349.95,74.0,,99
2024-11-11 10:54:00,APOHOS,NSE,,,,,7349.85,7352.0,7349.25,7351.55,17.0,,100
2024-11-11 10:55:00,APOHOS,NSE,,,,,7351.55,7352.0,7348.1,7350.8,29.0,,101
2024-11-11 10:56:00,APOHOS,NSE,,,,,7350.75,7355.9,7350.3,7355.9,27.0,,102
2024-11-11 10:57:00,APOHOS,NSE,,,,,7354.6,7358.65,7354.6,7358.65,63.0,,103
2024-11-11 10:58:00,APOHOS,NSE,,,,,7354.2,7355.85,7354.0,7355.4,156.0,,104
2024-11-11 10:59:00,APOHOS,NSE,,,,,7355.6,7355.6,7350.05,7352.15,45.0,,105
2024-11-11 11:00:00,APOHOS,NSE,,,,,7352.05,7357.5,7348.0,7351.55,238.0,,106
2024-11-11 11:01:00,APOHOS,NSE,,,,,7351.0,7357.1,7351.0,7357.1,235.0,,107
2024-11-11 11:02:00,APOHOS,NSE,,,,,7359.0,7359.0,7354.9,7354.9,455.0,,108
2024-11-11 11:03:00,APOHOS,NSE,,,,,7356.25,7356.25,7356.2,7356.25,189.0,,109
2024-11-11 11:04:00,APOHOS,NSE,,,,,7355.8,7356.25,7355.8,7356.25,253.0,,110
2024-11-11 11:05:00,APOHOS,NSE,,,,,7356.2,7358.05,7356.2,7358.0,116.0,,111
2024-11-11 11:06:00,APOHOS,NSE,,,,,7358.05,7364.45,7358.05,7363.45,59.0,,112
2024-11-11 11:07:00,APOHOS,NSE,,,,,7361.9,7367.45,7361.9,7362.5,48.0,,113
2024-11-11 11:08:00,APOHOS,NSE,,,,,7360.4,7362.15,7359.6,7361.35,55.0,,114
2024-11-11 11:09:00,APOHOS,NSE,,,,,7361.35,7361.75,7358.0,7359.85,35.0,,115
2024-11-11 11:10:00,APOHOS,NSE,,,,,7358.0,7359.3,7357.65,7357.95,145.0,,116
2024-11-11 11:11:00,APOHOS,NSE,,,,,7357.3,7357.65,7355.0,7356.15,225.0,,117
2024-11-11 11:12:00,APOHOS,NSE,,,,,7354.6,7357.25,7353.0,7357.25,226.0,,118
2024-11-11 11:13:00,APOHOS,NSE,,,,,7358.0,7362.0,7357.55,7362.0,427.0,,119
2024-11-11 11:14:00,APOHOS,NSE,,,,,7361.8,7362.0,7357.1,7358.5,319.0,,120
2024-11-11 11:15:00,APOHOS,NSE,,,,,7356.7,7359.25,7356.7,7358.6,105.0,,121
2024-11-11 11:16:00,APOHOS,NSE,,,,,7358.6,7363.75,7357.6,7363.75,82.0,,122
2024-11-11 11:17:00,APOHOS,NSE,,,,,7362.25,7362.25,7354.55,7354.7,53.0,,123
2024-11-11 11:18:00,APOHOS,NSE,,,,,7357.1,7357.1,7354.3,7355.7,81.0,,124
2024-11-11 11:19:00,APOHOS,NSE,,,,,7355.7,7355.7,7350.0,7352.1,78.0,,125
2024-11-11 11:20:00,APOHOS,NSE,,,,,7350.8,7357.9,7347.0,7352.8,197.0,,126
2024-11-11 11:21:00,APOHOS,NSE,,,,,7352.05,7352.05,7349.3,7351.6,242.0,,127
2024-11-11 11:22:00,APOHOS,NSE,,,,,7350.65,7359.3,7347.3,7359.3,396.0,,128
2024-11-11 11:23:00,APOHOS,NSE,,,,,7359.45,7361.0,7356.4,7358.95,365.0,,129
2024-11-11 11:24:00,APOHOS,NSE,,,,,7357.25,7362.0,7357.2,7359.95,344.0,,130
2024-11-11 11:25:00,APOHOS,NSE,,,,,7358.85,7358.9,7350.05,7353.95,220.0,,131
2024-11-11 11:26:00,APOHOS,NSE,,,,,7353.9,7353.9,7351.9,7352.5,186.0,,132
2024-11-11 11:27:00,APOHOS,NSE,,,,,7352.5,7352.5,7346.0,7346.6,484.0,,133
2024-11-11 11:28:00,APOHOS,NSE,,,,,7347.0,7356.85,7347.0,7355.7,376.0,,134
2024-11-11 11:29:00,APOHOS,NSE,,,,,7354.7,7355.65,7351.7,7355.3,244.0,,135
2024-11-11 11:30:00,APOHOS,NSE,,,,,7354.75,7355.3,7354.75,7355.25,219.0,,136
2024-11-11 11:31:00,APOHOS,NSE,,,,,7355.25,7355.95,7353.7,7355.9,316.0,,137
2024-11-11 11:32:00,APOHOS,NSE,,,,,7354.45,7355.9,7354.45,7355.9,374.0,,138
2024-11-11 11:33:00,APOHOS,NSE,,,,,7355.85,7358.0,7355.45,7357.35,366.0,,139
2024-11-11 11:34:00,APOHOS,NSE,,,,,7356.85,7357.6,7351.0,7354.35,544.0,,140
2024-11-11 11:35:00,APOHOS,NSE,,,,,7353.95,7354.35,7353.55,7354.25,311.0,,141
2024-11-11 11:36:00,APOHOS,NSE,,,,,7353.95,7354.3,7353.5,7353.6,242.0,,142
2024-11-11 11:37:00,APOHOS,NSE,,,,,7353.5,7353.5,7352.4,7352.95,494.0,,143
2024-11-11 11:38:00,APOHOS,NSE,,,,,7352.0,7352.0,7348.8,7348.8,331.0,,144
2024-11-11 11:39:00,APOHOS,NSE,,,,,7348.6,7351.2,7348.0,7349.4,427.0,,145
2024-11-11 11:40:00,APOHOS,NSE,,,,,7348.0,7348.0,7337.9,7344.0,318.0,,146
2024-11-11 11:41:00,APOHOS,NSE,,,,,7343.15,7348.3,7339.95,7348.3,303.0,,147
2024-11-11 11:42:00,APOHOS,NSE,,,,,7348.3,7351.95,7346.6,7350.15,299.0,,148
2024-11-11 11:43:00,APOHOS,NSE,,,,,7350.15,7350.15,7347.3,7349.85,289.0,,149
2024-11-11 11:44:00,APOHOS,NSE,,,,,7350.0,7364.1,7350.0,7360.0,232.0,,150
2024-11-11 11:45:00,APOHOS,NSE,,,,,7361.55,7364.0,7361.1,7363.2,406.0,,151
2024-11-11 11:46:00,APOHOS,NSE,,,,,7363.95,7363.95,7363.2,7363.7,237.0,,152
2024-11-11 11:47:00,APOHOS,NSE,,,,,7363.9,7374.0,7360.65,7371.55,450.0,,153
2024-11-11 11:48:00,APOHOS,NSE,,,,,7372.0,7372.0,7361.0,7362.45,506.0,,154
2024-11-11 11:49:00,APOHOS,NSE,,,,,7362.45,7369.4,7362.0,7362.1,394.0,,155
2024-11-11 11:50:00,APOHOS,NSE,,,,,7362.8,7366.6,7362.8,7366.6,109.0,,156
2024-11-11 11:51:00,APOHOS,NSE,,,,,7363.0,7364.75,7361.0,7361.0,463.0,,157
2024-11-11 11:52:00,APOHOS,NSE,,,,,7361.0,7362.75,7361.0,7361.05,313.0,,158
2024-11-11 11:53:00,APOHOS,NSE,,,,,7361.05,7361.05,7354.6,7358.2,393.0,,159
2024-11-11 11:54:00,APOHOS,NSE,,,,,7358.2,7358.2,7354.0,7357.7,295.0,,160
2024-11-11 11:55:00,APOHOS,NSE,,,,,7355.5,7357.65,7355.5,7356.2,304.0,,161
2024-11-11 11:56:00,APOHOS,NSE,,,,,7356.2,7356.25,7355.5,7355.5,151.0,,162
2024-11-11 11:57:00,APOHOS,NSE,,,,,7355.8,7355.8,7351.85,7355.8,473.0,,163
2024-11-11 11:58:00,APOHOS,NSE,,,,,7355.15,7355.75,7351.3,7351.3,333.0,,164
2024-11-11 11:59:00,APOHOS,NSE,,,,,7353.55,7353.55,7352.75,7352.75,418.0,,165
2024-11-11 12:00:00,APOHOS,NSE,,,,,7352.8,7352.8,7347.0,7348.6,185.0,,166
2024-11-11 12:01:00,APOHOS,NSE,,,,,7350.25,7350.25,7349.1,7349.4,211.0,,167
2024-11-11 12:02:00,APOHOS,NSE,,,,,7349.3,7357.7,7348.5,7350.65,305.0,,168
2024-11-11 12:03:00,APOHOS,NSE,,,,,7350.65,7350.65,7349.9,7349.9,243.0,,169
2024-11-11 12:04:00,APOHOS,NSE,,,,,7349.9,7349.9,7344.45,7344.9,365.0,,170
2024-11-11 12:05:00,APOHOS,NSE,,,,,7344.45,7344.45,7342.85,7343.15,248.0,,171
2024-11-11 12:06:00,APOHOS,NSE,,,,,7342.85,7343.15,7342.85,7343.05,261.0,,172
2024-11-11 12:07:00,APOHOS,NSE,,,,,7345.0,7348.85,7344.95,7347.6,182.0,,173
2024-11-11 12:08:00,APOHOS,NSE,,,,,7347.95,7347.95,7321.0,7326.45,468.0,,174
2024-11-11 12:09:00,APOHOS,NSE,,,,,7327.55,7334.7,7327.1,7329.7,327.0,,175
2024-11-11 12:10:00,APOHOS,NSE,,,,,7329.9,7331.6,7322.5,7322.5,277.0,,176
2024-11-11 12:11:00,APOHOS,NSE,,,,,7324.45,7333.0,7323.3,7328.4,397.0,,177
2024-11-11 12:12:00,APOHOS,NSE,,,,,7329.55,7329.55,7322.45,7324.05,281.0,,178
2024-11-11 12:13:00,APOHOS,NSE,,,,,7324.05,7327.0,7322.9,7326.3,483.0,,179
2024-11-11 12:14:00,APOHOS,NSE,,,,,7326.3,7326.95,7325.0,7325.0,293.0,,180
2024-11-11 12:15:00,APOHOS,NSE,,,,,7325.5,7325.95,7321.2,7321.4,157.0,,181
2024-11-11 12:16:00,APOHOS,NSE,,,,,7322.3,7326.3,7321.8,7324.85,193.0,,182
2024-11-11 12:17:00,APOHOS,NSE,,,,,7321.15,7323.6,7312.75,7316.95,523.0,,183
2024-11-11 12:18:00,APOHOS,NSE,,,,,7318.45,7320.65,7311.0,7311.65,337.0,,184
2024-11-11 12:19:00,APOHOS,NSE,,,,,7313.2,7313.95,7309.3,7309.5,230.0,,185
2024-11-11 12:20:00,APOHOS,NSE,,,,,7309.7,7313.0,7308.2,7313.0,185.0,,186
2024-11-11 12:21:00,APOHOS,NSE,,,,,7312.55,7312.55,7252.8,7256.05,247.0,,187
2024-11-11 12:22:00,APOHOS,NSE,,,,,7247.5,7255.3,7226.1,7226.75,594.0,,188
2024-11-11 12:23:00,APOHOS,NSE,,,,,7231.05,7261.95,7226.0,7257.45,1080.0,,189
2024-11-11 12:24:00,APOHOS,NSE,,,,,7259.9,7261.85,7239.55,7239.55,224.0,,190
2024-11-11 12:25:00,APOHOS,NSE,,,,,7239.55,7241.4,7174.0,7176.1,760.0,,191
2024-11-11 12:26:00,APOHOS,NSE,,,,,7171.75,7195.0,7101.35,7136.95,551.0,,192
2024-11-11 12:27:00,APOHOS,NSE,,,,,7127.9,7132.7,6991.4,7076.7,311.0,,193
2024-11-11 12:28:00,APOHOS,NSE,,,,,7076.7,7159.4,7046.05,7158.0,416.0,,194
2024-11-11 12:29:00,APOHOS,NSE,,,,,7142.35,7171.95,7141.25,7160.05,542.0,,195
2024-11-11 12:30:00,APOHOS,NSE,,,,,7168.8,7198.9,7152.85,7197.85,289.0,,196
2024-11-11 12:31:00,APOHOS,NSE,,,,,7193.35,7199.75,7166.85,7176.0,295.0,,197
2024-11-11 12:32:00,APOHOS,NSE,,,,,7170.9,7219.95,7160.65,7215.05,535.0,,198
2024-11-11 12:33:00,APOHOS,NSE,,,,,7221.75,7232.45,7204.55,7210.0,434.0,,199
2024-11-11 12:34:00,APOHOS,NSE,,,,,7209.9,7209.9,7159.4,7165.0,511.0,,200
2024-11-11 12:35:00,APOHOS,NSE,,,,,7167.3,7169.8,7141.55,7159.85,330.0,,201
2024-11-11 12:36:00,APOHOS,NSE,,,,,7167.05,7196.5,7162.3,7185.7,663.0,,202
2024-11-11 12:37:00,APOHOS,NSE,,,,,7181.4,7183.4,7166.25,7178.7,563.0,,203
2024-11-11 12:38:00,APOHOS,NSE,,,,,7179.8,7184.95,7170.0,7184.95,272.0,,204
2024-11-11 12:39:00,APOHOS,NSE,,,,,7185.0,7195.4,7167.75,7184.9,971.0,,205
2024-11-11 12:40:00,APOHOS,NSE,,,,,7191.2,7220.0,7187.0,7218.9,711.0,,206
2024-11-11 12:41:00,APOHOS,NSE,,,,,7219.95,7242.35,7216.25,7240.0,678.0,,207
2024-11-11 12:42:00,APOHOS,NSE,,,,,7237.5,7239.6,7228.9,7228.9,295.0,,208
2024-11-11 12:43:00,APOHOS,NSE,,,,,7231.2,7276.25,7206.05,7276.25,414.0,,209
2024-11-11 12:44:00,APOHOS,NSE,,,,,7279.7,7281.2,7231.25,7231.25,596.0,,210
2024-11-11 12:45:00,APOHOS,NSE,,,,,7237.9,7269.6,7232.35,7261.15,381.0,,211
2024-11-11 12:46:00,APOHOS,NSE,,,,,7254.05,7259.9,7252.35,7252.35,511.0,,212
2024-11-11 12:47:00,APOHOS,NSE,,,,,7245.55,7255.05,7237.5,7244.5,294.0,,213
2024-11-11 12:48:00,APOHOS,NSE,,,,,7248.7,7250.05,7230.05,7247.55,293.0,,214
2024-11-11 12:49:00,APOHOS,NSE,,,,,7247.85,7255.0,7233.0,7233.0,540.0,,215
2024-11-11 12:50:00,APOHOS,NSE,,,,,7232.65,7234.15,7215.9,7232.4,932.0,,216
2024-11-11 12:51:00,APOHOS,NSE,,,,,7230.9,7235.15,7196.65,7199.0,353.0,,217
2024-11-11 12:52:00,APOHOS,NSE,,,,,7200.0,7220.65,7197.15,7210.0,505.0,,218
2024-11-11 12:53:00,APOHOS,NSE,,,,,7212.1,7213.05,7190.25,7190.25,313.0,,219
2024-11-11 12:54:00,APOHOS,NSE,,,,,7199.15,7205.95,7184.85,7185.1,419.0,,220
2024-11-11 12:55:00,APOHOS,NSE,,,,,7186.0,7190.0,7172.75,7188.8,459.0,,221
2024-11-11 12:56:00,APOHOS,NSE,,,,,7185.55,7197.0,7185.45,7197.0,456.0,,222
2024-11-11 12:57:00,APOHOS,NSE,,,,,7197.15,7199.95,7177.0,7193.65,562.0,,223
2024-11-11 12:58:00,APOHOS,NSE,,,,,7195.65,7198.95,7192.25,7198.5,280.0,,224
2024-11-11 12:59:00,APOHOS,NSE,,,,,7198.5,7209.0,7198.5,7202.9,636.0,,225
2024-11-11 13:00:00,APOHOS,NSE,,,,,7202.9,7213.75,7200.0,7208.95,517.0,,226
2024-11-11 13:01:00,APOHOS,NSE,,,,,7206.8,7206.85,7187.1,7192.2,297.0,,227
2024-11-11 13:02:00,APOHOS,NSE,,,,,7190.65,7197.1,7187.65,7191.6,177.0,,228
2024-11-11 13:03:00,APOHOS,NSE,,,,,7187.65,7191.45,7175.0,7183.1,252.0,,229
2024-11-11 13:04:00,APOHOS,NSE,,,,,7182.65,7185.55,7176.0,7178.7,395.0,,230
2024-11-11 13:05:00,APOHOS,NSE,,,,,7178.7,7189.95,7178.7,7181.25,992.0,,231
2024-11-11 13:06:00,APOHOS,NSE,,,,,7184.5,7194.95,7181.25,7187.2,771.0,,232
2024-11-11 13:07:00,APOHOS,NSE,,,,,7187.2,7187.2,7180.0,7180.0,720.0,,233
2024-11-11 13:08:00,APOHOS,NSE,,,,,7180.0,7180.0,7173.05,7175.15,407.0,,234
2024-11-11 13:09:00,APOHOS,NSE,,,,,7177.0,7179.65,7173.0,7173.45,264.0,,235
2024-11-11 13:10:00,APOHOS,NSE,,,,,7176.5,7176.5,7165.1,7170.0,560.0,,236
2024-11-11 13:11:00,APOHOS,NSE,,,,,7170.45,7170.45,7165.0,7168.75,467.0,,237
2024-11-11 13:12:00,APOHOS,NSE,,,,,7167.2,7174.0,7165.85,7170.1,300.0,,238
2024-11-11 13:13:00,APOHOS,NSE,,,,,7170.1,7170.5,7160.0,7167.05,392.0,,239
2024-11-11 13:14:00,APOHOS,NSE,,,,,7167.1,7177.0,7165.85,7175.35,564.0,,240
2024-11-11 13:15:00,APOHOS,NSE,,,,,7176.5,7176.5,7161.4,7163.6,279.0,,241
2024-11-11 13:16:00,APOHOS,NSE,,,,,7161.1,7166.5,7152.55,7154.45,249.0,,242
2024-11-11 13:17:00,APOHOS,NSE,,,,,7156.7,7158.85,7152.55,7157.45,340.0,,243
2024-11-11 13:18:00,APOHOS,NSE,,,,,7159.1,7159.1,7150.0,7150.45,288.0,,244
2024-11-11 13:19:00,APOHOS,NSE,,,,,7150.75,7165.0,7150.0,7165.0,279.0,,245
2024-11-11 13:20:00,APOHOS,NSE,,,,,7163.55,7163.55,7152.0,7155.15,476.0,,246
2024-11-11 13:21:00,APOHOS,NSE,,,,,7156.2,7173.65,7155.15,7172.6,404.0,,247
2024-11-11 13:22:00,APOHOS,NSE,,,,,7172.5,7178.0,7171.65,7171.65,839.0,,248
2024-11-11 13:23:00,APOHOS,NSE,,,,,7170.0,7171.5,7166.05,7171.2,190.0,,249
2024-11-11 13:24:00,APOHOS,NSE,,,,,7171.5,7171.55,7166.2,7170.0,343.0,,250
2024-11-11 13:25:00,APOHOS,NSE,,,,,7166.75,7171.45,7165.55,7168.55,253.0,,251
2024-11-11 13:26:00,APOHOS,NSE,,,,,7169.2,7170.45,7169.2,7169.95,245.0,,252
2024-11-11 13:27:00,APOHOS,NSE,,,,,7169.9,7170.0,7164.85,7164.9,342.0,,253
2024-11-11 13:28:00,APOHOS,NSE,,,,,7166.1,7172.7,7164.8,7170.0,169.0,,254
2024-11-11 13:29:00,APOHOS,NSE,,,,,7170.05,7171.4,7166.0,7166.0,305.0,,255
2024-11-11 13:30:00,APOHOS,NSE,,,,,7167.5,7167.5,7158.05,7160.3,375.0,,256
2024-11-11 13:31:00,APOHOS,NSE,,,,,7160.7,7167.0,7156.2,7166.7,275.0,,257
2024-11-11 13:32:00,APOHOS,NSE,,,,,7166.6,7179.7,7166.2,7175.35,239.0,,258
2024-11-11 13:33:00,APOHOS,NSE,,,,,7177.0,7179.0,7170.0,7173.45,520.0,,259
2024-11-11 13:34:00,APOHOS,NSE,,,,,7173.5,7173.5,7168.15,7169.8,253.0,,260
2024-11-11 13:35:00,APOHOS,NSE,,,,,7169.85,7173.5,7169.85,7170.95,342.0,,261
2024-11-11 13:36:00,APOHOS,NSE,,,,,7170.0,7170.45,7168.9,7169.0,273.0,,262
2024-11-11 13:37:00,APOHOS,NSE,,,,,7169.1,7169.1,7165.1,7165.4,198.0,,263
2024-11-11 13:38:00,APOHOS,NSE,,,,,7165.95,7169.0,7164.85,7166.7,473.0,,264
2024-11-11 13:39:00,APOHOS,NSE,,,,,7166.7,7167.85,7166.7,7167.15,211.0,,265
2024-11-11 13:40:00,APOHOS,NSE,,,,,7166.75,7166.75,7165.9,7166.4,130.0,,266
2024-11-11 13:41:00,APOHOS,NSE,,,,,7164.9,7168.05,7162.7,7166.3,110.0,,267
2024-11-11 13:42:00,APOHOS,NSE,,,,,7164.75,7170.65,7164.75,7165.7,96.0,,268
2024-11-11 13:43:00,APOHOS,NSE,,,,,7165.45,7165.45,7156.75,7157.95,50.0,,269
2024-11-11 13:44:00,APOHOS,NSE,,,,,7158.05,7164.75,7157.4,7162.9,168.0,,270
2024-11-11 13:45:00,APOHOS,NSE,,,,,7162.45,7162.45,7150.1,7150.1,205.0,,271
2024-11-11 13:46:00,APOHOS,NSE,,,,,7150.15,7157.6,7150.15,7155.65,355.0,,272
2024-11-11 13:47:00,APOHOS,NSE,,,,,7155.45,7166.2,7152.7,7166.15,295.0,,273
2024-11-11 13:48:00,APOHOS,NSE,,,,,7166.1,7168.3,7165.2,7167.9,455.0,,274
2024-11-11 13:49:00,APOHOS,NSE,,,,,7165.9,7165.9,7157.5,7161.7,309.0,,275
2024-11-11 13:50:00,APOHOS,NSE,,,,,7162.4,7170.0,7161.2,7168.45,187.0,,276
2024-11-11 13:51:00,APOHOS,NSE,,,,,7168.45,7170.0,7161.75,7162.15,164.0,,277
2024-11-11 13:52:00,APOHOS,NSE,,,,,7162.15,7162.15,7155.0,7161.55,129.0,,278
2024-11-11 13:53:00,APOHOS,NSE,,,,,7161.95,7166.3,7158.05,7163.65,174.0,,279
2024-11-11 13:54:00,APOHOS,NSE,,,,,7162.0,7168.55,7162.0,7168.55,108.0,,280
2024-11-11 13:55:00,APOHOS,NSE,,,,,7168.7,7170.0,7165.0,7166.0,77.0,,281
2024-11-11 13:56:00,APOHOS,NSE,,,,,7166.05,7170.3,7166.0,7167.15,42.0,,282
2024-11-11 13:57:00,APOHOS,NSE,,,,,7170.9,7170.9,7165.85,7170.2,40.0,,283
2024-11-11 13:58:00,APOHOS,NSE,,,,,7170.0,7172.9,7170.0,7170.6,23.0,,284
2024-11-11 13:59:00,APOHOS,NSE,,,,,7170.6,7176.4,7168.55,7168.55,51.0,,285
2024-11-11 14:00:00,APOHOS,NSE,,,,,7169.0,7171.9,7167.6,7170.0,127.0,,286
2024-11-11 14:01:00,APOHOS,NSE,,,,,7170.0,7170.0,7160.0,7161.05,188.0,,287
2024-11-11 14:02:00,APOHOS,NSE,,,,,7163.9,7163.9,7159.7,7159.85,155.0,,288
2024-11-11 14:03:00,APOHOS,NSE,,,,,7158.0,7162.85,7157.9,7162.85,201.0,,289
2024-11-11 14:04:00,APOHOS,NSE,,,,,7160.45,7162.85,7156.0,7156.0,159.0,,290
2024-11-11 14:05:00,APOHOS,NSE,,,,,7156.95,7156.95,7152.85,7153.05,114.0,,291
2024-11-11 14:06:00,APOHOS,NSE,,,,,7153.05,7153.05,7150.5,7150.5,25.0,,292
2024-11-11 14:07:00,APOHOS,NSE,,,,,7150.3,7152.25,7144.2,7144.2,32.0,,293
2024-11-11 14:08:00,APOHOS,NSE,,,,,7143.5,7149.2,7139.3,7147.3,58.0,,294
2024-11-11 14:09:00,APOHOS,NSE,,,,,7147.05,7152.8,7145.05,7149.55,157.0,,295
2024-11-11 14:10:00,APOHOS,NSE,,,,,7149.05,7151.65,7146.0,7151.5,215.0,,296
2024-11-11 14:11:00,APOHOS,NSE,,,,,7149.85,7158.4,7149.6,7155.8,103.0,,297
2024-11-11 14:12:00,APOHOS,NSE,,,,,7155.8,7155.8,7153.75,7153.75,441.0,,298
2024-11-11 14:13:00,APOHOS,NSE,,,,,7151.5,7167.5,7151.5,7164.1,330.0,,299
2024-11-11 14:14:00,APOHOS,NSE,,,,,7163.6,7167.45,7161.1,7163.6,183.0,,300
2024-11-11 14:15:00,APOHOS,NSE,,,,,7164.9,7165.8,7158.85,7160.9,106.0,,301
2024-11-11 14:16:00,APOHOS,NSE,,,,,7162.45,7179.65,7162.45,7169.45,245.0,,302
2024-11-11 14:17:00,APOHOS,NSE,,,,,7169.45,7169.45,7159.45,7165.9,225.0,,303
2024-11-11 14:18:00,APOHOS,NSE,,,,,7162.8,7168.3,7162.1,7166.15,182.0,,304
2024-11-11 14:19:00,APOHOS,NSE,,,,,7164.95,7170.95,7164.95,7170.45,186.0,,305
2024-11-11 14:20:00,APOHOS,NSE,,,,,7168.05,7172.9,7167.75,7170.0,223.0,,306
2024-11-11 14:21:00,APOHOS,NSE,,,,,7170.1,7180.0,7170.0,7179.45,466.0,,307
2024-11-11 14:22:00,APOHOS,NSE,,,,,7179.45,7193.85,7179.1,7187.75,737.0,,308
2024-11-11 14:23:00,APOHOS,NSE,,,,,7186.45,7193.0,7186.45,7193.0,520.0,,309
2024-11-11 14:24:00,APOHOS,NSE,,,,,7191.75,7195.0,7183.45,7188.55,427.0,,310
2024-11-11 14:25:00,APOHOS,NSE,,,,,7187.7,7190.0,7185.95,7187.1,301.0,,311
2024-11-11 14:26:00,APOHOS,NSE,,,,,7187.1,7187.1,7179.8,7181.0,346.0,,312
2024-11-11 14:27:00,APOHOS,NSE,,,,,7180.25,7187.4,7180.25,7186.15,252.0,,313
2024-11-11 14:28:00,APOHOS,NSE,,,,,7186.2,7190.95,7177.55,7181.0,110.0,,314
2024-11-11 14:29:00,APOHOS,NSE,,,,,7181.0,7184.8,7179.6,7181.1,387.0,,315
2024-11-11 14:30:00,APOHOS,NSE,,,,,7180.95,7185.0,7180.95,7184.8,283.0,,316
2024-11-11 14:31:00,APOHOS,NSE,,,,,7184.8,7185.9,7183.5,7185.15,399.0,,317
2024-11-11 14:32:00,APOHOS,NSE,,,,,7184.5,7188.95,7181.0,7186.9,217.0,,318
2024-11-11 14:33:00,APOHOS,NSE,,,,,7186.25,7189.4,7186.25,7189.0,495.0,,319
2024-11-11 14:34:00,APOHOS,NSE,,,,,7189.0,7194.5,7189.0,7193.95,95.0,,320
2024-11-11 14:35:00,APOHOS,NSE,,,,,7194.0,7198.85,7191.75,7198.5,261.0,,321
2024-11-11 14:36:00,APOHOS,NSE,,,,,7198.75,7198.75,7195.4,7196.1,65.0,,322
2024-11-11 14:37:00,APOHOS,NSE,,,,,7196.1,7196.1,7191.3,7191.3,268.0,,323
2024-11-11 14:38:00,APOHOS,NSE,,,,,7191.0,7191.4,7187.1,7188.0,35.0,,324
2024-11-11 14:39:00,APOHOS,NSE,,,,,7187.1,7192.4,7186.65,7189.2,47.0,,325
2024-11-11 14:40:00,APOHOS,NSE,,,,,7189.2,7190.0,7183.0,7183.65,62.0,,326
2024-11-11 14:41:00,APOHOS,NSE,,,,,7183.65,7187.75,7183.65,7187.75,108.0,,327
2024-11-11 14:42:00,APOHOS,NSE,,,,,7186.55,7187.15,7179.75,7182.75,109.0,,328
2024-11-11 14:43:00,APOHOS,NSE,,,,,7183.8,7189.7,7183.8,7189.7,94.0,,329
2024-11-11 14:44:00,APOHOS,NSE,,,,,7186.2,7188.1,7186.15,7188.1,31.0,,330
2024-11-11 14:45:00,APOHOS,NSE,,,,,7187.25,7192.55,7187.25,7191.05,66.0,,331
2024-11-11 14:46:00,APOHOS,NSE,,,,,7191.0,7194.65,7191.0,7193.5,16.0,,332
2024-11-11 14:47:00,APOHOS,NSE,,,,,7193.45,7193.45,7185.8,7188.0,91.0,,333
2024-11-11 14:48:00,APOHOS,NSE,,,,,7188.5,7193.5,7183.85,7183.85,46.0,,334
2024-11-11 14:49:00,APOHOS,NSE,,,,,7184.45,7185.25,7179.1,7184.2,121.0,,335
2024-11-11 14:50:00,APOHOS,NSE,,,,,7184.2,7191.25,7184.2,7188.0,33.0,,336
2024-11-11 14:51:00,APOHOS,NSE,,,,,7188.0,7190.0,7172.05,7174.1,41.0,,337
2024-11-11 14:52:00,APOHOS,NSE,,,,,7173.1,7179.0,7172.15,7178.0,92.0,,338
2024-11-11 14:53:00,APOHOS,NSE,,,,,7178.2,7178.2,7172.4,7173.4,30.0,,339
2024-11-11 14:54:00,APOHOS,NSE,,,,,7172.4,7174.9,7166.0,7174.9,51.0,,340
2024-11-11 14:55:00,APOHOS,NSE,,,,,7173.4,7173.7,7166.5,7168.95,172.0,,341
2024-11-11 14:56:00,APOHOS,NSE,,,,,7168.95,7168.95,7168.0,7168.5,173.0,,342
2024-11-11 14:57:00,APOHOS,NSE,,,,,7168.5,7170.05,7166.6,7170.0,313.0,,343
2024-11-11 14:58:00,APOHOS,NSE,,,,,7170.1,7172.95,7167.0,7168.6,210.0,,344
2024-11-11 14:59:00,APOHOS,NSE,,,,,7168.6,7168.6,7164.75,7168.45,159.0,,345
2024-11-11 15:00:00,APOHOS,NSE,,,,,7168.45,7168.45,7147.5,7151.0,258.0,,346
2024-11-11 15:01:00,APOHOS,NSE,,,,,7150.8,7150.8,7141.15,7146.35,491.0,,347
2024-11-11 15:02:00,APOHOS,NSE,,,,,7146.35,7149.3,7142.55,7147.7,390.0,,348
2024-11-11 15:03:00,APOHOS,NSE,,,,,7147.7,7149.2,7147.3,7148.3,297.0,,349
2024-11-11 15:04:00,APOHOS,NSE,,,,,7148.3,7153.2,7148.3,7150.0,217.0,,350
2024-11-11 15:05:00,APOHOS,NSE,,,,,7151.7,7162.1,7151.2,7161.1,337.0,,351
2024-11-11 15:06:00,APOHOS,NSE,,,,,7161.1,7172.15,7160.9,7171.45,409.0,,352
2024-11-11 15:07:00,APOHOS,NSE,,,,,7170.0,7174.2,7167.05,7170.0,495.0,,353
2024-11-11 15:08:00,APOHOS,NSE,,,,,7171.05,7171.05,7148.35,7148.35,257.0,,354
2024-11-11 15:09:00,APOHOS,NSE,,,,,7152.3,7168.05,7148.7,7168.05,519.0,,355
2024-11-11 15:10:00,APOHOS,NSE,,,,,7164.1,7168.25,7154.6,7154.6,334.0,,356
2024-11-11 15:11:00,APOHOS,NSE,,,,,7152.8,7163.05,7151.85,7160.05,308.0,,357
2024-11-11 15:12:00,APOHOS,NSE,,,,,7160.05,7162.1,7160.0,7161.35,289.0,,358
2024-11-11 15:13:00,APOHOS,NSE,,,,,7160.35,7162.0,7150.35,7150.35,344.0,,359
2024-11-11 15:14:00,APOHOS,NSE,,,,,7152.9,7155.35,7150.35,7155.35,375.0,,360
2024-11-11 15:15:00,APOHOS,NSE,,,,,7155.0,7155.2,7152.55,7155.0,810.0,,361
2024-11-11 15:16:00,APOHOS,NSE,,,,,7155.0,7155.05,7155.0,7155.0,431.0,,362
2024-11-11 15:17:00,APOHOS,NSE,,,,,7155.0,7161.95,7155.0,7157.95,222.0,,363
2024-11-11 15:18:00,APOHOS,NSE,,,,,7161.4,7161.4,7154.1,7155.15,585.0,,364
2024-11-11 15:19:00,APOHOS,NSE,,,,,7155.15,7159.85,7152.7,7156.05,303.0,,365
2024-11-11 15:20:00,APOHOS,NSE,,,,,7155.8,7156.05,7154.2,7154.45,204.0,,366
2024-11-11 15:21:00,APOHOS,NSE,,,,,7151.65,7157.3,7149.95,7156.0,45.0,,367
2024-11-11 15:22:00,APOHOS,NSE,,,,,7157.15,7157.15,7153.6,7153.6,56.0,,368
2024-11-11 15:23:00,APOHOS,NSE,,,,,7153.5,7153.55,7152.55,7152.55,36.0,,369
2024-11-11 15:24:00,APOHOS,NSE,,,,,7155.9,7157.0,7152.05,7152.05,53.0,,370
2024-11-11 15:25:00,APOHOS,NSE,,,,,7153.35,7154.55,7150.0,7151.6,706.0,,371
2024-11-11 15:26:00,APOHOS,NSE,,,,,7151.6,7155.95,7151.5,7155.45,345.0,,372
2024-11-11 15:27:00,APOHOS,NSE,,,,,7155.55,7164.2,7155.0,7164.2,451.0,,373
2024-11-11 15:28:00,APOHOS,NSE,,,,,7164.1,7164.1,7160.0,7160.0,942.0,,374
2024-11-11 15:29:00,APOHOS,NSE,,,,,7162.65,7164.1,7151.0,7164.0,518.0,,375
2024-11-11 15:30:00,APOHOS,NSE,,,,,7155.0,7164.0,7155.0,7155.45,335.0,,376
2024-11-11 15:41:00,APOHOS,NSE,,,,,7155.45,7155.45,7155.45,7155.45,22.0,,377
2024-11-11 15:49:00,APOHOS,NSE,,,,,7155.45,7155.45,7155.45,7155.45,41.0,,378
2024-11-11 15:56:00,APOHOS,NSE,,,,,7155.45,7155.45,7155.45,7155.45,5.0,,380
